1	T1043321	fc377a4c-4a15-544d-c5e7-ce8a3a578a8e	1645506000	1646456400	1645487283	True
2	T2832764	8976e334-e281-7efd-ae84-92171d53434b	1644469200	1645678800	1644301704	True
3	T9325288	3a9bedd4-0f12-59e0-a18f-f6b6b535106e	1650945600	1651636800	1650733920	False
4	B3116566	27a0c3d7-7c96-7f79-b7e9-9acaa97065e1	1650168000	1650340800	1649944826	False
5	B3116566	27a0c3d7-7c96-7f79-b7e9-9acaa97065e1	1643864400	1644814800	1643638480	False
6	B3116566	27a0c3d7-7c96-7f79-b7e9-9acaa97065e1	1650340800	1650686400	1650189040	True
7	B0916998	7d106c60-8162-7cf1-4394-72e6da587e8a	1644901200	1645678800	1644716214	False
8	B0916998	7d106c60-8162-7cf1-4394-72e6da587e8a	1648958400	1650254400	1648777254	True
9	B2805982	8268690b-a438-25b5-59e4-b6714774bc58	1645851600	1646370000	1645737202	True
10	B2805982	8268690b-a438-25b5-59e4-b6714774bc58	1647662400	1648008000	1647595627	False
11	B2805982	8268690b-a438-25b5-59e4-b6714774bc58	1650168000	1651464000	1649956579	True
12	T3561595	74962764-12a4-def0-c4bb-b7a9d98868dd	1645074000	1645765200	1645060836	True
13	B3172788	4c71e0fe-5a0c-dd7c-f157-8470018267c4	1645506000	1646629200	1645400011	True
14	B3172788	4c71e0fe-5a0c-dd7c-f157-8470018267c4	1646456400	1647316800	1646316383	False
15	B3172788	4c71e0fe-5a0c-dd7c-f157-8470018267c4	1645246800	1646197200	1645239696	False
16	B6272046	4d3485c5-c5c1-4eb4-b27b-3d901a16342c	1649908800	1650427200	1649742186	True
17	B6272046	4d3485c5-c5c1-4eb4-b27b-3d901a16342c	1644037200	1644642000	1643991027	True
18	B6272046	4d3485c5-c5c1-4eb4-b27b-3d901a16342c	1645851600	1647147600	1645710522	True
19	T7769453	54aebd1b-8ce6-424d-bef5-9fe6ff233d5f	1649304000	1650340800	1649177071	False
20	T7769453	54aebd1b-8ce6-424d-bef5-9fe6ff233d5f	1651032000	1651377600	1650954341	False
21	T7769453	54aebd1b-8ce6-424d-bef5-9fe6ff233d5f	1649563200	1649649600	1649377598	True
22	T7769453	54aebd1b-8ce6-424d-bef5-9fe6ff233d5f	1646197200	1646283600	1646052141	False
23	B2710947	735435ea-6894-9b8d-00af-5b3a2812859a	1646370000	1647147600	1646311068	True
24	B2710947	735435ea-6894-9b8d-00af-5b3a2812859a	1648353600	1648612800	1648334881	False
25	B2710947	735435ea-6894-9b8d-00af-5b3a2812859a	1647748800	1648785600	1647532731	True
26	B2710947	735435ea-6894-9b8d-00af-5b3a2812859a	1646370000	1647061200	1646189468	False
27	T6488771	300568d2-0de0-51a6-69ca-97d2764414fd	1650513600	1651377600	1650304065	False
28	T6488771	300568d2-0de0-51a6-69ca-97d2764414fd	1647576000	1647662400	1647431231	False
29	T6488771	300568d2-0de0-51a6-69ca-97d2764414fd	1651032000	1652328000	1651002257	False
30	B1274846	dea4ae17-54fd-9ad3-9716-108ef72169bb	1648267200	1648699200	1648178449	True
31	T6158657	711533f3-12e8-9d10-2871-17338beddb12	1644469200	1645506000	1644391808	False
32	T6158657	711533f3-12e8-9d10-2871-17338beddb12	1646110800	1646974800	1645884028	True
33	T6158657	711533f3-12e8-9d10-2871-17338beddb12	1645678800	1646370000	1645460477	True
34	B7461200	350843f0-8de0-8fc2-c3e1-5a85d46ef104	1646024400	1646110800	1645989849	False
35	T5395024	a6a27967-a79b-44b6-da50-9fed1d4a3d81	1647921600	1648353600	1647823480	True
36	T5395024	a6a27967-a79b-44b6-da50-9fed1d4a3d81	1644987600	1645160400	1644963686	True
37	B2290147	5024bdc6-dcb3-3df3-13ee-cdc6ebd14d2c	1644642000	1644814800	1644527519	True
38	B2290147	5024bdc6-dcb3-3df3-13ee-cdc6ebd14d2c	1649908800	1650772800	1649803825	True
39	B2290147	5024bdc6-dcb3-3df3-13ee-cdc6ebd14d2c	1648440000	1648872000	1648244492	False
40	B2290147	5024bdc6-dcb3-3df3-13ee-cdc6ebd14d2c	1648180800	1648440000	1648160778	True
41	T1883552	79c2d2e4-9ae1-a991-524f-93ff30307633	1645074000	1645938000	1645032386	False
42	T1883552	79c2d2e4-9ae1-a991-524f-93ff30307633	1647147600	1647748800	1646944579	False
43	T1883552	79c2d2e4-9ae1-a991-524f-93ff30307633	1645419600	1645938000	1645402322	False
44	B1864492	2a60c652-e714-7668-cf1d-7d3a9feefdff	1649736000	1650686400	1649487716	True
45	B1864492	2a60c652-e714-7668-cf1d-7d3a9feefdff	1648180800	1648612800	1647976820	False
46	B8862392	871c0884-9bdf-90f2-ba2c-0f19f0b2a5d1	1649044800	1650254400	1648807522	False
47	B8862392	871c0884-9bdf-90f2-ba2c-0f19f0b2a5d1	1645074000	1645938000	1645010578	True
48	B8862392	871c0884-9bdf-90f2-ba2c-0f19f0b2a5d1	1647230400	1647316800	1647069232	False
49	B8862392	871c0884-9bdf-90f2-ba2c-0f19f0b2a5d1	1644814800	1645074000	1644640640	True
50	T1851888	dcb51c53-5b62-a8df-493e-904d30ec2796	1650081600	1651118400	1649951178	False
51	T1851888	dcb51c53-5b62-a8df-493e-904d30ec2796	1650772800	1651377600	1650752110	False
52	T1851888	dcb51c53-5b62-a8df-493e-904d30ec2796	1644469200	1644987600	1644442305	False
53	B7271551	2976aab2-2a26-f770-4ddb-1b36272c0588	1645419600	1645678800	1645264461	True
54	B7271551	2976aab2-2a26-f770-4ddb-1b36272c0588	1650600000	1651464000	1650411091	True
55	B9590010	3f8ea40a-6b0a-e0e3-9d89-6047dd39d793	1648958400	1649563200	1648825901	False
56	B9590010	3f8ea40a-6b0a-e0e3-9d89-6047dd39d793	1650340800	1650859200	1650328045	False
57	T4797480	2999bbef-518b-2f21-9cf2-0859ee6e2e72	1643950800	1644555600	1643797786	False
58	T4797480	2999bbef-518b-2f21-9cf2-0859ee6e2e72	1644987600	1645419600	1644734089	True
59	B5747338	4a1a81f5-ed10-f004-df4e-713ef64e3dfc	1646629200	1647748800	1646599671	False
60	T2742054	8c9aa1e9-b3b2-6337-6a74-dbb75fa5e0aa	1651032000	1651809600	1650795314	True
61	T2742054	8c9aa1e9-b3b2-6337-6a74-dbb75fa5e0aa	1645160400	1645419600	1645117268	False
62	T2742054	8c9aa1e9-b3b2-6337-6a74-dbb75fa5e0aa	1650600000	1650945600	1650412065	True
63	T2742054	8c9aa1e9-b3b2-6337-6a74-dbb75fa5e0aa	1650168000	1650859200	1649956007	False
64	B7286790	6c93a791-8b60-c511-b816-8aebac6a7c85	1649304000	1649476800	1649277551	True
65	B7286790	6c93a791-8b60-c511-b816-8aebac6a7c85	1647748800	1648699200	1647564438	True
66	B7286790	6c93a791-8b60-c511-b816-8aebac6a7c85	1650772800	1650859200	1650667349	False
67	B3983735	d5574241-91dd-b9bf-613d-2de93ae28023	1650772800	1651550400	1650644791	False
68	B3983735	d5574241-91dd-b9bf-613d-2de93ae28023	1643778000	1644987600	1643556044	False
69	T0062312	c27437eb-a65f-7b8a-dbb4-4021fdde64af	1648440000	1649044800	1648270942	True
70	B5918033	f0eebcce-8d93-e14a-5b16-71583a67470c	1644728400	1645246800	1644633845	False
71	B5918033	f0eebcce-8d93-e14a-5b16-71583a67470c	1649563200	1650254400	1649468850	True
72	B5918033	f0eebcce-8d93-e14a-5b16-71583a67470c	1649131200	1649304000	1649082077	False
73	T7888610	a6aa59e5-dc08-bf29-d2d3-3488d0c30018	1647147600	1647576000	1646933561	True
74	T7888610	a6aa59e5-dc08-bf29-d2d3-3488d0c30018	1646370000	1647662400	1646222190	False
75	T7888610	a6aa59e5-dc08-bf29-d2d3-3488d0c30018	1645765200	1646542800	1645758145	True
76	T7374167	801e8690-b0c0-7fcc-96ad-d4dfadf75924	1646974800	1647662400	1646769209	False
77	B8757177	503b4078-a39c-9ec6-f746-4c02871854c1	1649390400	1649822400	1649359743	False
78	T7451713	bff30c8d-83ff-3e96-6721-3a7017d50f59	1649908800	1651118400	1649853265	False
79	T7451713	bff30c8d-83ff-3e96-6721-3a7017d50f59	1648353600	1648785600	1648265060	True
80	T7451713	bff30c8d-83ff-3e96-6721-3a7017d50f59	1646024400	1646715600	1645817751	False
81	T7451713	bff30c8d-83ff-3e96-6721-3a7017d50f59	1649044800	1649995200	1648839309	True
82	B7012770	2215df00-dfdf-0e05-c0ce-f31bd038e153	1648958400	1650254400	1648932064	False
83	B7012770	2215df00-dfdf-0e05-c0ce-f31bd038e153	1645678800	1646283600	1645586648	True
84	B7012770	2215df00-dfdf-0e05-c0ce-f31bd038e153	1648267200	1648526400	1648202245	False
85	B7012770	2215df00-dfdf-0e05-c0ce-f31bd038e153	1650254400	1651118400	1650097112	True
86	B8635365	fbad793f-87a1-ec02-3487-9e411a9c672a	1644642000	1645333200	1644386527	True
87	B8635365	fbad793f-87a1-ec02-3487-9e411a9c672a	1643950800	1644728400	1643915801	True
88	B8635365	fbad793f-87a1-ec02-3487-9e411a9c672a	1650340800	1651204800	1650324473	False
89	B8635365	fbad793f-87a1-ec02-3487-9e411a9c672a	1649563200	1649995200	1649340139	False
90	T6557431	1f178f93-23c9-7a1e-cb37-1d97cdcc2d6a	1648958400	1649304000	1648721817	True
91	T6557431	1f178f93-23c9-7a1e-cb37-1d97cdcc2d6a	1648958400	1650254400	1648736292	True
92	B5107029	47eb340d-c74e-48ff-cf89-569de550d736	1650340800	1651550400	1650083201	True
93	B5107029	47eb340d-c74e-48ff-cf89-569de550d736	1648353600	1649563200	1648308063	False
94	T3955905	c9784b52-9d1c-0838-edc8-cca8e3bcd6f3	1643778000	1644037200	1643620088	False
95	T3955905	c9784b52-9d1c-0838-edc8-cca8e3bcd6f3	1645246800	1645419600	1645001253	False
96	T3955905	c9784b52-9d1c-0838-edc8-cca8e3bcd6f3	1648094400	1648267200	1648032011	False
97	T3955905	c9784b52-9d1c-0838-edc8-cca8e3bcd6f3	1650513600	1651809600	1650261135	False
98	B5704331	badf9397-ecf2-6429-b8d7-7d2f8dda4ff2	1646283600	1646715600	1646067621	True
99	B5704331	badf9397-ecf2-6429-b8d7-7d2f8dda4ff2	1649044800	1649131200	1648990549	False
100	B4171467	2acb4fbd-fbff-8a7d-f2f5-b1762c41cbd3	1648094400	1649390400	1647882760	False
101	B1686854	be64ac2a-f966-71a5-4cec-495b226716e3	1650168000	1651291200	1650126327	False
102	B1686854	be64ac2a-f966-71a5-4cec-495b226716e3	1645074000	1645678800	1645038441	True
103	B1686854	be64ac2a-f966-71a5-4cec-495b226716e3	1649304000	1650600000	1649085653	False
104	B1686854	be64ac2a-f966-71a5-4cec-495b226716e3	1648872000	1649563200	1648858747	True
105	T5345786	d30608be-8548-867b-ad5c-ba244d59616b	1644555600	1645765200	1644483017	False
106	T5345786	d30608be-8548-867b-ad5c-ba244d59616b	1649131200	1649908800	1648930536	False
107	B0965207	123b31cf-9ee3-39ff-f1bd-b598948f664a	1649649600	1650254400	1649390814	True
108	T7252175	862c92fd-98ab-b2e7-8531-9f0fba533122	1650772800	1650859200	1650618216	True
109	T2150648	352b6ec8-e90d-21cb-7f11-1a368c52d271	1645678800	1645851600	1645441618	False
110	T2150648	352b6ec8-e90d-21cb-7f11-1a368c52d271	1646888400	1647316800	1646766693	False
111	T2150648	352b6ec8-e90d-21cb-7f11-1a368c52d271	1651118400	1651204800	1650894989	False
112	T2150648	352b6ec8-e90d-21cb-7f11-1a368c52d271	1644555600	1645160400	1644361997	False
113	B1002255	90a4a421-b949-3906-939f-44ebbe5e215e	1645333200	1645419600	1645330148	True
114	B1002255	90a4a421-b949-3906-939f-44ebbe5e215e	1646024400	1646715600	1645801088	False
115	B1002255	90a4a421-b949-3906-939f-44ebbe5e215e	1650859200	1651550400	1650775148	False
116	B5408386	a2379e6f-d473-4534-5aea-635257632e1e	1647748800	1648094400	1647699637	False
117	B5408386	a2379e6f-d473-4534-5aea-635257632e1e	1649995200	1651204800	1649790356	False
118	B5408386	a2379e6f-d473-4534-5aea-635257632e1e	1650859200	1651464000	1650847011	True
119	B3424420	95801c3a-2932-a211-214c-0a4d43a534d2	1648267200	1649131200	1648122979	False
120	B3424420	95801c3a-2932-a211-214c-0a4d43a534d2	1644555600	1645333200	1644497939	True
121	B3424420	95801c3a-2932-a211-214c-0a4d43a534d2	1643864400	1644987600	1643731981	False
122	B3424420	95801c3a-2932-a211-214c-0a4d43a534d2	1645160400	1645765200	1645136298	False
123	B3355543	0de4833e-12c0-620c-1667-c51809b2eae6	1646110800	1646715600	1645934299	False
124	B3355543	0de4833e-12c0-620c-1667-c51809b2eae6	1645678800	1646542800	1645662223	True
125	B3355543	0de4833e-12c0-620c-1667-c51809b2eae6	1646024400	1646197200	1645930632	True
126	B8144914	abf39096-4a68-369c-12b9-9a508cb6d1f0	1647748800	1647921600	1647512840	False
127	T3651777	1bcb404c-21d8-b96a-62ad-a15760d2759a	1645074000	1646197200	1645043194	False
128	T3651777	1bcb404c-21d8-b96a-62ad-a15760d2759a	1644037200	1645333200	1643879003	True
129	T3651777	1bcb404c-21d8-b96a-62ad-a15760d2759a	1645419600	1646024400	1645282750	False
130	T3651777	1bcb404c-21d8-b96a-62ad-a15760d2759a	1650686400	1651464000	1650573952	False
131	T7659916	dd23ff41-dae1-3586-2358-755cbc5c3cd8	1649822400	1650772800	1649821014	True
132	T7659916	dd23ff41-dae1-3586-2358-755cbc5c3cd8	1650081600	1651377600	1649924250	False
133	T7659916	dd23ff41-dae1-3586-2358-755cbc5c3cd8	1649476800	1649822400	1649379588	False
134	T7659916	dd23ff41-dae1-3586-2358-755cbc5c3cd8	1644728400	1646024400	1644470333	False
135	B9849027	8366c189-cd8d-9f75-1df4-4d3ef26f9b19	1646370000	1646802000	1646352292	False
136	B9849027	8366c189-cd8d-9f75-1df4-4d3ef26f9b19	1645592400	1645938000	1645382643	False
137	B9849027	8366c189-cd8d-9f75-1df4-4d3ef26f9b19	1647489600	1648267200	1647487052	True
138	B9849027	8366c189-cd8d-9f75-1df4-4d3ef26f9b19	1649563200	1649736000	1649458623	True
139	T5182755	f9fc6034-750a-cc98-2cbf-b769c6a1a468	1646024400	1646456400	1645975340	True
140	T5182755	f9fc6034-750a-cc98-2cbf-b769c6a1a468	1649476800	1650168000	1649225528	True
141	B5527636	581993cc-41f9-994a-cf5d-337fee8d5daa	1644901200	1646197200	1644880646	False
142	B5527636	581993cc-41f9-994a-cf5d-337fee8d5daa	1647835200	1648094400	1647607592	False
143	B5527636	581993cc-41f9-994a-cf5d-337fee8d5daa	1647835200	1648699200	1647685349	False
144	B5527636	581993cc-41f9-994a-cf5d-337fee8d5daa	1649217600	1649736000	1649157775	False
145	T7456424	45aa9503-73e8-8db6-9e23-83d074915c14	1650686400	1651377600	1650495794	False
146	T7456424	45aa9503-73e8-8db6-9e23-83d074915c14	1649131200	1649217600	1649001812	False
147	B5647570	95aeb18b-46ae-7e06-cb5d-2b592ad820ca	1646283600	1647230400	1646121426	False
148	T1810220	f28f9444-a015-4d65-91ed-554a3faeef01	1644728400	1645506000	1644639924	True
149	B2897558	bbf8da91-37a9-f824-eafa-4d5b91ae3d4c	1650859200	1650945600	1650617537	True
150	B2897558	bbf8da91-37a9-f824-eafa-4d5b91ae3d4c	1648353600	1648958400	1648244412	True
151	B2897558	bbf8da91-37a9-f824-eafa-4d5b91ae3d4c	1650772800	1651723200	1650550115	True
152	B2897558	bbf8da91-37a9-f824-eafa-4d5b91ae3d4c	1645765200	1646715600	1645664934	False
153	B4805892	521be8c2-30c3-ef8a-592a-b43d5d822e3a	1644642000	1644901200	1644443365	True
154	T1103924	168885c2-8814-5bde-98db-f732dde4d194	1647147600	1648180800	1647106443	False
155	T1103924	168885c2-8814-5bde-98db-f732dde4d194	1644642000	1645160400	1644478100	False
156	B3840460	a3086e48-e4e5-b5b0-d25a-d576ef0b743e	1650600000	1650686400	1650505822	False
157	B7289752	0c9ea060-f66c-7331-a172-2ee3c3e1847c	1645074000	1646370000	1645036713	False
158	B7289752	0c9ea060-f66c-7331-a172-2ee3c3e1847c	1650772800	1651550400	1650743133	False
159	B7289752	0c9ea060-f66c-7331-a172-2ee3c3e1847c	1647230400	1647748800	1647112203	False
160	B7289752	0c9ea060-f66c-7331-a172-2ee3c3e1847c	1647662400	1648958400	1647475588	True
161	T3714521	99e95433-1453-e17e-711e-be6f68ffae17	1651118400	1651204800	1650943551	True
162	T3714521	99e95433-1453-e17e-711e-be6f68ffae17	1646283600	1646370000	1646255056	False
163	T2249998	9c02040d-e237-c877-2e0e-6673ced7cd17	1646197200	1646715600	1646105542	True
164	B3034414	c847b130-dd56-030e-1de9-87a2985e7e89	1644469200	1644728400	1644439780	False
165	B3034414	c847b130-dd56-030e-1de9-87a2985e7e89	1648958400	1649649600	1648825757	False
166	B7823578	51883a26-8ca3-3a54-59ae-73028ae3297e	1647921600	1648008000	1647893832	False
167	B0166299	1b63205f-cbf8-5149-b6da-99cdd14b256c	1647147600	1647316800	1647058284	False
168	B0166299	1b63205f-cbf8-5149-b6da-99cdd14b256c	1647662400	1648785600	1647572695	True
169	B0166299	1b63205f-cbf8-5149-b6da-99cdd14b256c	1650600000	1651550400	1650579581	True
170	B0166299	1b63205f-cbf8-5149-b6da-99cdd14b256c	1650340800	1651204800	1650219452	False
171	T8172461	67f1c18b-61fe-800a-b636-cc4c5170ca8a	1649563200	1650772800	1649387547	False
172	T8172461	67f1c18b-61fe-800a-b636-cc4c5170ca8a	1648958400	1649908800	1648954283	False
173	B7621267	9cf021b8-4fff-fb59-9462-8786cc502a89	1648267200	1648699200	1648191386	False
174	B7621267	9cf021b8-4fff-fb59-9462-8786cc502a89	1645333200	1646370000	1645253490	True
175	T9407929	2ae7dc19-0d72-2918-1db1-ce86d1ccc8d3	1649563200	1650859200	1649354191	False
176	B6580185	cd9e84ec-90e9-e294-a5dd-2836e65fa9fa	1645506000	1646629200	1645304118	False
177	B6580185	cd9e84ec-90e9-e294-a5dd-2836e65fa9fa	1650859200	1651032000	1650786511	True
178	T0665044	1f0733df-7b68-b323-c7a2-ee6fd166eb08	1648180800	1649304000	1648104790	True
179	T0665044	1f0733df-7b68-b323-c7a2-ee6fd166eb08	1650254400	1650340800	1650000773	False
180	B3461571	d5d9a385-2bb2-4cbc-9c79-4cdb74c88361	1650600000	1651464000	1650456900	False
181	B3461571	d5d9a385-2bb2-4cbc-9c79-4cdb74c88361	1650859200	1650945600	1650703727	False
182	B3461571	d5d9a385-2bb2-4cbc-9c79-4cdb74c88361	1649044800	1649476800	1649007776	True
183	B0543645	47d5ac92-0f45-55da-9194-1591b134b58f	1645333200	1646629200	1645288653	True
184	B0543645	47d5ac92-0f45-55da-9194-1591b134b58f	1649908800	1651118400	1649772022	False
185	B0543645	47d5ac92-0f45-55da-9194-1591b134b58f	1644987600	1646197200	1644866290	False
186	B0543645	47d5ac92-0f45-55da-9194-1591b134b58f	1644814800	1645851600	1644586054	False
187	T3569392	8add06f9-9ccc-e19f-f233-5074b2b3bb39	1647061200	1647316800	1646891286	True
188	T3569392	8add06f9-9ccc-e19f-f233-5074b2b3bb39	1645592400	1646715600	1645538736	False
189	T3569392	8add06f9-9ccc-e19f-f233-5074b2b3bb39	1650254400	1650427200	1650084259	False
190	T3569392	8add06f9-9ccc-e19f-f233-5074b2b3bb39	1645765200	1646110800	1645681193	False
191	B4864015	97e642d6-7c74-3895-5388-d128c96d525e	1649131200	1649649600	1649056651	False
192	B4864015	97e642d6-7c74-3895-5388-d128c96d525e	1644123600	1645160400	1643983270	False
193	T8637599	33028b32-230d-a680-ea35-0f17c157a761	1648785600	1649908800	1648784959	False
194	T8637599	33028b32-230d-a680-ea35-0f17c157a761	1647835200	1649044800	1647668330	False
195	T8637599	33028b32-230d-a680-ea35-0f17c157a761	1645506000	1646802000	1645430585	False
196	T8637599	33028b32-230d-a680-ea35-0f17c157a761	1648008000	1648958400	1647943841	False
197	B1471959	697878c1-7c22-57a0-c75f-f3685f7ddbb1	1647316800	1648612800	1647296773	False
198	B1471959	697878c1-7c22-57a0-c75f-f3685f7ddbb1	1650081600	1650600000	1649999923	True
199	B1471959	697878c1-7c22-57a0-c75f-f3685f7ddbb1	1651032000	1651723200	1650798764	True
200	B1471959	697878c1-7c22-57a0-c75f-f3685f7ddbb1	1650686400	1651118400	1650678861	True
201	T1322342	378d2f8d-8761-f9da-0394-79c1c363f61f	1647921600	1648094400	1647874192	True
202	T1322342	378d2f8d-8761-f9da-0394-79c1c363f61f	1647230400	1647576000	1647095593	False
203	T1322342	378d2f8d-8761-f9da-0394-79c1c363f61f	1650859200	1651377600	1650826795	False
204	T1322342	378d2f8d-8761-f9da-0394-79c1c363f61f	1644037200	1644728400	1643837375	False
205	B4801571	67899d92-f33c-4c36-9a69-0cadaaab5830	1650772800	1650859200	1650555139	False
206	B7026952	0e44c9dc-81b6-1c87-2803-feb5dab6c73d	1648267200	1649304000	1648114117	False
207	B5616556	0c2b03e4-43e1-346d-4990-225836cdf42f	1649736000	1650859200	1649715904	True
208	B5616556	0c2b03e4-43e1-346d-4990-225836cdf42f	1645851600	1646283600	1645738116	True
209	B5616556	0c2b03e4-43e1-346d-4990-225836cdf42f	1649908800	1650513600	1649842933	True
210	T6516231	627b0edd-8d7f-9371-40c3-7cbc3d5b6535	1651032000	1652155200	1650970276	False
211	T6516231	627b0edd-8d7f-9371-40c3-7cbc3d5b6535	1649995200	1650945600	1649912053	True
212	B6041776	05e15e2f-f2b7-4922-054e-dd713977fd2f	1649736000	1649995200	1649487686	True
213	B6041776	05e15e2f-f2b7-4922-054e-dd713977fd2f	1650686400	1651464000	1650572326	True
214	B7713334	40efa857-015f-566c-0ba6-aa86cf5285f7	1646456400	1646629200	1646373218	True
215	B7713334	40efa857-015f-566c-0ba6-aa86cf5285f7	1649476800	1649649600	1649394679	False
216	B7713334	40efa857-015f-566c-0ba6-aa86cf5285f7	1648440000	1649649600	1648366338	True
217	B5201777	6c2b5781-c1a9-5ee2-1718-cfde6c4e5a8c	1645419600	1646370000	1645282059	False
218	T4761742	6f0d7229-1b38-7c72-ac64-8459df22367d	1647748800	1648958400	1647493493	True
219	T4761742	6f0d7229-1b38-7c72-ac64-8459df22367d	1645506000	1646542800	1645329026	False
220	T4761742	6f0d7229-1b38-7c72-ac64-8459df22367d	1649131200	1649390400	1649127563	False
221	T4761742	6f0d7229-1b38-7c72-ac64-8459df22367d	1650686400	1651032000	1650461216	False
222	T3723683	1defd401-792c-ad76-e39e-b7c26ac98528	1645506000	1646024400	1645264373	True
223	T7246657	b4d6f3e6-1aa9-0d26-ab63-6d669ab2b735	1649736000	1649995200	1649545068	False
224	T7871255	fa4cb559-0ecc-9ff5-9316-2f53e70af828	1644728400	1645419600	1644559611	False
225	T7871255	fa4cb559-0ecc-9ff5-9316-2f53e70af828	1644642000	1645938000	1644429184	True
226	T7871255	fa4cb559-0ecc-9ff5-9316-2f53e70af828	1649563200	1649736000	1649553509	True
227	T7871255	fa4cb559-0ecc-9ff5-9316-2f53e70af828	1648094400	1649131200	1647900400	True
228	B2884318	179d9ae3-14fa-7d50-697c-4d7dd4147d03	1647662400	1648353600	1647495556	False
229	B2884318	179d9ae3-14fa-7d50-697c-4d7dd4147d03	1644987600	1646024400	1644732463	False
230	B2884318	179d9ae3-14fa-7d50-697c-4d7dd4147d03	1650168000	1650427200	1650040922	True
231	B7288137	d56c478f-b854-1d6a-d59f-2b6979a8832f	1646715600	1648008000	1646611950	False
232	B7288137	d56c478f-b854-1d6a-d59f-2b6979a8832f	1644901200	1645938000	1644828488	True
233	B7288137	d56c478f-b854-1d6a-d59f-2b6979a8832f	1650686400	1650772800	1650536455	True
234	B7288137	d56c478f-b854-1d6a-d59f-2b6979a8832f	1645419600	1645592400	1645250802	True
235	T1398909	24784b7d-51ee-3cc8-1947-4d1a63d316c1	1649476800	1649563200	1649393351	False
236	T1398909	24784b7d-51ee-3cc8-1947-4d1a63d316c1	1650081600	1650168000	1649974778	True
237	T1398909	24784b7d-51ee-3cc8-1947-4d1a63d316c1	1649476800	1650254400	1649224231	True
238	B1382496	c0b08dd0-fac9-b5b6-42e8-8605a29a7e5f	1644987600	1645074000	1644751292	False
239	B0065120	95a340d9-4fc9-663f-20af-af9e0f7c59ad	1650168000	1651032000	1649995594	True
240	B0065120	95a340d9-4fc9-663f-20af-af9e0f7c59ad	1649390400	1650168000	1649175656	True
241	T8065333	07997940-f9ad-de7d-0b3d-58ad5c230306	1648785600	1649044800	1648564644	False
242	B1026153	b1cb62d0-8685-92d2-5fb6-8406b6658a34	1649563200	1650168000	1649330231	False
243	T9254812	ff7ca58f-9aa1-f98b-b4a4-feee30cdf149	1647835200	1648612800	1647635667	True
244	T9254812	ff7ca58f-9aa1-f98b-b4a4-feee30cdf149	1646715600	1647061200	1646525982	True
245	T9254812	ff7ca58f-9aa1-f98b-b4a4-feee30cdf149	1646715600	1647489600	1646561721	True
246	T9254812	ff7ca58f-9aa1-f98b-b4a4-feee30cdf149	1645938000	1646629200	1645848699	True
247	B1536637	d393daad-0835-075f-2d79-8f3e8d8b4c60	1646197200	1646715600	1646061271	False
248	B1536637	d393daad-0835-075f-2d79-8f3e8d8b4c60	1648440000	1649736000	1648332296	False
249	B1536637	d393daad-0835-075f-2d79-8f3e8d8b4c60	1649131200	1649908800	1649021516	False
250	B1536637	d393daad-0835-075f-2d79-8f3e8d8b4c60	1648440000	1648785600	1648405940	True
251	B3467299	b9fe60c6-b2b3-02d3-1116-2039ea92659b	1646542800	1646974800	1646488439	True
252	B3467299	b9fe60c6-b2b3-02d3-1116-2039ea92659b	1646110800	1646283600	1645943325	True
253	T0531312	b197aed1-c57a-e3ff-f8ed-08aeecaf8800	1647489600	1648440000	1647295138	False
254	T0531312	b197aed1-c57a-e3ff-f8ed-08aeecaf8800	1648785600	1649649600	1648586649	True
255	T0531312	b197aed1-c57a-e3ff-f8ed-08aeecaf8800	1646715600	1647748800	1646603272	True
256	T0531312	b197aed1-c57a-e3ff-f8ed-08aeecaf8800	1643864400	1643950800	1643828341	False
257	T7432630	b998e2d3-6d1e-0d7d-1402-96ee81e6935f	1648440000	1649563200	1648313864	False
258	T7432630	b998e2d3-6d1e-0d7d-1402-96ee81e6935f	1647147600	1647403200	1647024206	False
259	T7432630	b998e2d3-6d1e-0d7d-1402-96ee81e6935f	1645333200	1646370000	1645219579	True
260	T2706614	6c8de840-ed30-5556-62a5-3193a6a1cc2b	1650427200	1651291200	1650177698	True
261	T2011669	2f85f99d-366b-3575-d07a-9518912cf322	1646283600	1646888400	1646250916	False
262	T5671649	db2c0eb7-f75c-0751-8fd8-acb4c8fb2050	1643950800	1644814800	1643854400	False
263	T5671649	db2c0eb7-f75c-0751-8fd8-acb4c8fb2050	1647662400	1648699200	1647661960	False
264	T5671649	db2c0eb7-f75c-0751-8fd8-acb4c8fb2050	1645160400	1645506000	1644938333	False
265	T5671649	db2c0eb7-f75c-0751-8fd8-acb4c8fb2050	1648180800	1648699200	1647971736	True
266	B4729277	ab35f75a-a433-66c9-7d3d-6b721f3ec572	1646283600	1647316800	1646045343	True
267	B8260688	3cb29bf1-0b73-ca1c-d1dc-01e5a9a14475	1645333200	1645938000	1645313708	True
268	B8260688	3cb29bf1-0b73-ca1c-d1dc-01e5a9a14475	1647147600	1648094400	1646910711	False
269	T6714628	4830effe-dd8a-bf0a-9278-f380b3510ddc	1644037200	1644469200	1644034711	True
270	T6714628	4830effe-dd8a-bf0a-9278-f380b3510ddc	1644037200	1644296400	1643937900	True
271	T6714628	4830effe-dd8a-bf0a-9278-f380b3510ddc	1650772800	1651723200	1650517341	False
272	B3967275	c3828725-e1c6-3384-ee20-a0b5acad7c07	1649649600	1650945600	1649471588	False
273	T8144744	296df91f-7079-ae53-d6e0-217ca801f15e	1648094400	1648612800	1647858209	False
274	B2374167	21de2360-1ed6-8b71-3ab8-ec3f2612e9e5	1644469200	1645506000	1644303182	True
275	B2374167	21de2360-1ed6-8b71-3ab8-ec3f2612e9e5	1649649600	1650254400	1649523982	False
276	B2374167	21de2360-1ed6-8b71-3ab8-ec3f2612e9e5	1643778000	1644210000	1643749150	False
277	T5456350	b9b094ac-4d2d-8efd-57c8-294c9e7776ae	1647316800	1648267200	1647128758	False
278	T5456350	b9b094ac-4d2d-8efd-57c8-294c9e7776ae	1650081600	1650686400	1649944299	True
279	T5456350	b9b094ac-4d2d-8efd-57c8-294c9e7776ae	1650427200	1650859200	1650244563	True
280	T5456350	b9b094ac-4d2d-8efd-57c8-294c9e7776ae	1646197200	1647061200	1646181264	True
281	B3678812	e24cee91-b499-2393-f249-1816154f9eb4	1646110800	1646888400	1645938489	True
282	B3678812	e24cee91-b499-2393-f249-1816154f9eb4	1645678800	1646715600	1645578666	True
283	B8513279	99802368-55b8-5720-87cd-94446dba9754	1645851600	1646024400	1645644807	False
284	B8513279	99802368-55b8-5720-87cd-94446dba9754	1644037200	1644555600	1643998461	False
285	T7711964	f8c92b4a-8d2f-2114-da72-ab37d5d318cf	1650686400	1650859200	1650512665	True
286	T7711964	f8c92b4a-8d2f-2114-da72-ab37d5d318cf	1648353600	1649217600	1648125410	False
287	T7711964	f8c92b4a-8d2f-2114-da72-ab37d5d318cf	1649736000	1649995200	1649715293	False
288	T1096227	a452f530-a717-5804-502d-32817a37f3d6	1649390400	1649822400	1649347734	True
289	T1096227	a452f530-a717-5804-502d-32817a37f3d6	1649304000	1650168000	1649301123	True
290	T4383034	5766fe0c-c4c5-57d8-ee23-5eb085f62467	1650340800	1651291200	1650210378	False
291	T4383034	5766fe0c-c4c5-57d8-ee23-5eb085f62467	1650859200	1652068800	1650778056	True
292	T4383034	5766fe0c-c4c5-57d8-ee23-5eb085f62467	1646370000	1647061200	1646287761	False
293	T4383034	5766fe0c-c4c5-57d8-ee23-5eb085f62467	1648958400	1649390400	1648807271	False
294	B5112747	77009b2e-d17b-6fc6-e66e-b0e288fd5890	1644987600	1645333200	1644803499	True
295	B5112747	77009b2e-d17b-6fc6-e66e-b0e288fd5890	1649476800	1650168000	1649466765	True
296	B2723590	aaff96ff-b904-6b52-13eb-459932d4d3a5	1645678800	1645765200	1645419740	False
297	B2723590	aaff96ff-b904-6b52-13eb-459932d4d3a5	1644901200	1645851600	1644647063	True
298	B2723590	aaff96ff-b904-6b52-13eb-459932d4d3a5	1649304000	1650340800	1649047353	False
299	T6829635	363d2fb5-6baf-1e8f-da09-5b0c4a372da3	1645592400	1646715600	1645398112	False
300	T6829635	363d2fb5-6baf-1e8f-da09-5b0c4a372da3	1648267200	1648612800	1648134146	False
301	T6829635	363d2fb5-6baf-1e8f-da09-5b0c4a372da3	1644382800	1644814800	1644162997	True
302	T6306000	bbf282a9-be09-f835-0679-65ab61e548ca	1647921600	1648008000	1647849520	False
303	T2091179	5d697934-ddeb-78a4-375f-dd572700260b	1649736000	1650772800	1649591429	True
304	T2091179	5d697934-ddeb-78a4-375f-dd572700260b	1648094400	1649217600	1647964429	False
305	T2091179	5d697934-ddeb-78a4-375f-dd572700260b	1649476800	1649736000	1649424928	True
306	T4619942	b780606a-02ca-68d5-b033-ee83518f0ed4	1650254400	1650686400	1650066636	True
307	T4619942	b780606a-02ca-68d5-b033-ee83518f0ed4	1645419600	1646024400	1645240784	True
308	T4619942	b780606a-02ca-68d5-b033-ee83518f0ed4	1648353600	1648872000	1648301657	False
309	T4619942	b780606a-02ca-68d5-b033-ee83518f0ed4	1647403200	1647489600	1647331264	False
310	B1172959	b95f22d5-30ef-d76b-1688-43992b91aace	1648008000	1648267200	1647765554	False
311	B1172959	b95f22d5-30ef-d76b-1688-43992b91aace	1649131200	1649649600	1648905260	False
312	B9671883	f3952657-4ea1-2bd9-afaf-20ec2a08c526	1646802000	1646974800	1646559012	True
313	B9671883	f3952657-4ea1-2bd9-afaf-20ec2a08c526	1647230400	1647576000	1647190916	False
314	B9671883	f3952657-4ea1-2bd9-afaf-20ec2a08c526	1644555600	1644642000	1644439906	False
315	B2412095	6e43b319-f929-9271-b220-58f9bdb2fd9e	1647921600	1648440000	1647688818	False
316	B2412095	6e43b319-f929-9271-b220-58f9bdb2fd9e	1644814800	1645246800	1644733713	False
317	B2412095	6e43b319-f929-9271-b220-58f9bdb2fd9e	1645074000	1646110800	1644984013	True
318	B2412095	6e43b319-f929-9271-b220-58f9bdb2fd9e	1648267200	1648958400	1648118653	True
319	T5410727	e49dda44-191f-9e05-e777-3701f7873461	1646888400	1647061200	1646810456	True
320	T5410727	e49dda44-191f-9e05-e777-3701f7873461	1644123600	1644728400	1643918498	True
321	T5410727	e49dda44-191f-9e05-e777-3701f7873461	1649131200	1649908800	1649015359	True
322	T5410727	e49dda44-191f-9e05-e777-3701f7873461	1645506000	1646542800	1645412269	False
323	T5676670	a0d44d24-4d07-4581-279f-5df0da2d6df9	1649304000	1649476800	1649179812	False
324	T5676670	a0d44d24-4d07-4581-279f-5df0da2d6df9	1646197200	1647489600	1646165268	False
325	T5676670	a0d44d24-4d07-4581-279f-5df0da2d6df9	1646542800	1647748800	1646481216	True
326	T5676670	a0d44d24-4d07-4581-279f-5df0da2d6df9	1645506000	1646197200	1645280737	True
327	T9162022	5a13f4bb-26c2-5405-a7ea-52f02cabd3d7	1645592400	1646888400	1645459499	True
328	T9162022	5a13f4bb-26c2-5405-a7ea-52f02cabd3d7	1650686400	1651204800	1650532036	True
329	T9162022	5a13f4bb-26c2-5405-a7ea-52f02cabd3d7	1645333200	1646542800	1645227354	False
330	T9162022	5a13f4bb-26c2-5405-a7ea-52f02cabd3d7	1651118400	1652155200	1651076673	False
331	T1177533	dd4f4af2-8bec-b8cc-917b-c86668747b44	1647748800	1649044800	1647602341	True
332	T1177533	dd4f4af2-8bec-b8cc-917b-c86668747b44	1649995200	1650600000	1649831237	False
333	T1177533	dd4f4af2-8bec-b8cc-917b-c86668747b44	1643864400	1644123600	1643659302	True
334	T1177533	dd4f4af2-8bec-b8cc-917b-c86668747b44	1649044800	1649736000	1648984357	False
335	B9850344	81f25a73-7f20-f661-091d-16431aa3c18e	1645506000	1646542800	1645501257	True
336	T7066266	a7553468-de74-e122-4aed-4cc88d28eef5	1646283600	1646629200	1646044512	False
337	T7066266	a7553468-de74-e122-4aed-4cc88d28eef5	1648094400	1648872000	1648039149	False
338	T7066266	a7553468-de74-e122-4aed-4cc88d28eef5	1645938000	1647061200	1645900786	False
339	B3771070	f5d68c8f-299c-cd73-4295-f5c984d77929	1644728400	1644814800	1644567038	False
340	B3771070	f5d68c8f-299c-cd73-4295-f5c984d77929	1647921600	1648353600	1647716492	True
341	T9014954	3c1517fc-99bf-88ed-0b73-a040b7e3c615	1644814800	1644987600	1644646534	False
342	T9014954	3c1517fc-99bf-88ed-0b73-a040b7e3c615	1648785600	1649304000	1648626488	True
343	T9014954	3c1517fc-99bf-88ed-0b73-a040b7e3c615	1647230400	1648526400	1647059488	False
344	T9014954	3c1517fc-99bf-88ed-0b73-a040b7e3c615	1647748800	1647835200	1647706775	False
345	T1668297	a63f63ea-ac85-2cc7-5eb0-0e6f97d20300	1645074000	1646370000	1644936324	True
346	T1668297	a63f63ea-ac85-2cc7-5eb0-0e6f97d20300	1646974800	1647576000	1646891287	True
347	B2203684	4748b576-fe3a-4f96-2306-81aadd500d6b	1645592400	1646110800	1645358497	True
348	B2203684	4748b576-fe3a-4f96-2306-81aadd500d6b	1646370000	1647662400	1646185162	True
349	B2203684	4748b576-fe3a-4f96-2306-81aadd500d6b	1651032000	1651809600	1650858689	True
350	B2203684	4748b576-fe3a-4f96-2306-81aadd500d6b	1645419600	1645506000	1645355136	False
351	B9633472	76f8ef17-2d1b-143e-1da6-536d6cc3f8aa	1646197200	1646974800	1645994878	False
352	B9633472	76f8ef17-2d1b-143e-1da6-536d6cc3f8aa	1644555600	1645160400	1644453003	True
353	T7664047	4d2ce796-4878-917a-282d-94a30ad33361	1648958400	1649736000	1648769103	True
354	T7664047	4d2ce796-4878-917a-282d-94a30ad33361	1648785600	1649822400	1648567955	True
355	B9219639	8f962ff2-186b-6a71-1569-12ddf9cf2bd2	1650859200	1651550400	1650793134	False
356	B9219639	8f962ff2-186b-6a71-1569-12ddf9cf2bd2	1644555600	1645765200	1644516118	False
357	B9219639	8f962ff2-186b-6a71-1569-12ddf9cf2bd2	1645246800	1646110800	1645140230	True
358	B9219639	8f962ff2-186b-6a71-1569-12ddf9cf2bd2	1648008000	1648353600	1647810072	True
359	T2876754	5e6e187a-e939-f790-1817-7e4a5415668e	1643778000	1644642000	1643562171	False
360	T2876754	5e6e187a-e939-f790-1817-7e4a5415668e	1645419600	1646110800	1645291071	False
361	B2035713	35f1e04b-c5fe-21d6-8365-d2cf173be226	1647662400	1648267200	1647489830	True
362	B2035713	35f1e04b-c5fe-21d6-8365-d2cf173be226	1648008000	1648180800	1647842988	False
363	B2035713	35f1e04b-c5fe-21d6-8365-d2cf173be226	1649908800	1650600000	1649821058	False
364	B2035713	35f1e04b-c5fe-21d6-8365-d2cf173be226	1649736000	1650168000	1649693338	False
365	B8207979	db964db1-3c76-86e5-2f41-87bc1493794a	1647576000	1648526400	1647472703	True
366	B8207979	db964db1-3c76-86e5-2f41-87bc1493794a	1647921600	1648526400	1647703668	False
367	B3162526	ce65050b-7705-2c84-1b3f-0866d59042df	1650081600	1651032000	1649829963	True
368	B3162526	ce65050b-7705-2c84-1b3f-0866d59042df	1648180800	1648267200	1648101383	False
369	B3162526	ce65050b-7705-2c84-1b3f-0866d59042df	1645419600	1645592400	1645261361	True
370	T7857585	2cdc1cc0-3fa6-0025-656e-5170bd1a2704	1645938000	1646715600	1645788823	False
371	T7857585	2cdc1cc0-3fa6-0025-656e-5170bd1a2704	1649649600	1650168000	1649639564	False
372	T7857585	2cdc1cc0-3fa6-0025-656e-5170bd1a2704	1647489600	1648526400	1647468953	False
373	B4660241	98610b0b-a280-760f-6bb7-3dac96818aed	1648440000	1649476800	1648309197	False
374	B4660241	98610b0b-a280-760f-6bb7-3dac96818aed	1644728400	1645160400	1644622773	False
375	B4660241	98610b0b-a280-760f-6bb7-3dac96818aed	1644987600	1645765200	1644729403	False
376	T6966630	11e12ee9-f664-b2b9-b8d8-061976538a69	1645765200	1646629200	1645595570	True
377	T6966630	11e12ee9-f664-b2b9-b8d8-061976538a69	1647403200	1648612800	1647212876	False
378	T6966630	11e12ee9-f664-b2b9-b8d8-061976538a69	1648353600	1649563200	1648163507	True
379	T6966630	11e12ee9-f664-b2b9-b8d8-061976538a69	1647147600	1648180800	1646904491	True
380	T7611249	ce217fb3-be65-4bf9-2789-76c94b7d3b08	1647061200	1648094400	1646927876	True
381	T7611249	ce217fb3-be65-4bf9-2789-76c94b7d3b08	1647748800	1649044800	1647704129	True
382	T7611249	ce217fb3-be65-4bf9-2789-76c94b7d3b08	1644037200	1644901200	1643813694	True
383	T7611249	ce217fb3-be65-4bf9-2789-76c94b7d3b08	1644642000	1645246800	1644415139	True
384	T7287276	eadf1b58-d4a8-4169-bbbb-fd6730a4c4b0	1646370000	1647147600	1646138884	True
385	T7287276	eadf1b58-d4a8-4169-bbbb-fd6730a4c4b0	1648267200	1649217600	1648248050	False
386	T7287276	eadf1b58-d4a8-4169-bbbb-fd6730a4c4b0	1649995200	1650168000	1649870411	False
387	T7287276	eadf1b58-d4a8-4169-bbbb-fd6730a4c4b0	1645246800	1645592400	1645089961	False
388	T4909617	36955a61-3b57-6da7-c34a-4fa61bd487bb	1649304000	1650427200	1649200129	True
389	B2292587	5352db34-2911-268f-3e3e-47b3130da476	1644642000	1645333200	1644399883	False
390	B2292587	5352db34-2911-268f-3e3e-47b3130da476	1646456400	1647748800	1646259838	False
391	B9793164	35746477-a87d-a2af-3ae8-160aedafea54	1646110800	1646802000	1645883382	True
392	B9793164	35746477-a87d-a2af-3ae8-160aedafea54	1646197200	1646888400	1646082238	False
393	B9793164	35746477-a87d-a2af-3ae8-160aedafea54	1650859200	1651464000	1650704479	True
394	T1128981	cd68cb39-98a0-db61-0fa9-969509fb4d4b	1646370000	1647489600	1646327435	False
395	B7346549	213b1241-83c5-9c14-3824-c62b2036971a	1648008000	1648699200	1647832795	True
396	T8268323	c3bc5ca7-2906-567d-d28b-829a7b1e5e13	1646370000	1647403200	1646176104	True
397	T8268323	c3bc5ca7-2906-567d-d28b-829a7b1e5e13	1649995200	1650254400	1649818977	False
398	B5018481	7c4cec7d-ce55-754e-b68d-6f3819e3b84f	1645074000	1646283600	1644831454	True
399	B5018481	7c4cec7d-ce55-754e-b68d-6f3819e3b84f	1650427200	1650600000	1650272446	True
400	B5018481	7c4cec7d-ce55-754e-b68d-6f3819e3b84f	1643950800	1644123600	1643697378	True
401	B5018481	7c4cec7d-ce55-754e-b68d-6f3819e3b84f	1647662400	1648612800	1647476460	True
402	T9660577	7f480536-9f2e-444a-501b-cf4467f3e4bf	1649044800	1649390400	1648892273	False
403	T8848826	94b59339-84c1-1826-d910-498c2fa17fe6	1644037200	1644555600	1643811771	True
404	T8848826	94b59339-84c1-1826-d910-498c2fa17fe6	1645246800	1645506000	1645221472	True
405	B8785193	9c0e6192-f88c-2664-01bc-075cdcdc23fc	1648785600	1649736000	1648542114	False
406	B1511696	37e75948-8903-c8c7-2e89-92cc7f8a1fca	1643778000	1645074000	1643637075	True
407	B1511696	37e75948-8903-c8c7-2e89-92cc7f8a1fca	1646888400	1647061200	1646796898	True
408	B1511696	37e75948-8903-c8c7-2e89-92cc7f8a1fca	1645074000	1645333200	1644838010	False
409	T8004635	4f4b1252-a04e-03d7-e6ef-3a0bdd1e4932	1647748800	1647835200	1647584558	True
410	T6072311	0b33b7a0-5163-4a91-b993-b65f35ded447	1643864400	1644210000	1643816176	True
411	B3570713	27340be8-e609-2042-eb5f-89447aa83419	1648267200	1648699200	1648229456	False
412	B3570713	27340be8-e609-2042-eb5f-89447aa83419	1648008000	1649304000	1647866050	True
413	B3625366	fbcf57d7-45f8-4c5d-2c1e-86bbaac016bd	1645765200	1646629200	1645626110	True
414	B3625366	fbcf57d7-45f8-4c5d-2c1e-86bbaac016bd	1643950800	1645074000	1643933667	False
415	B3625366	fbcf57d7-45f8-4c5d-2c1e-86bbaac016bd	1651118400	1652328000	1651104572	False
416	T3541597	58a32011-f162-4df9-21e1-0ae85795bee7	1650945600	1651204800	1650734253	True
417	T3541597	58a32011-f162-4df9-21e1-0ae85795bee7	1648958400	1649217600	1648860519	False
418	B2931100	302dc72b-1366-4d76-c2fc-93d9b3ef29d7	1648353600	1648872000	1648160808	False
419	T8044210	263e0670-a1d7-6730-dec8-bcbbfd610d09	1646974800	1647316800	1646969117	False
420	T8044210	263e0670-a1d7-6730-dec8-bcbbfd610d09	1649563200	1650772800	1649312802	True
421	T8044210	263e0670-a1d7-6730-dec8-bcbbfd610d09	1649304000	1649995200	1649144925	True
422	B6295187	6be26493-c32a-eb1b-a4dc-6a67a6d18c91	1647316800	1647748800	1647264953	True
423	B6295187	6be26493-c32a-eb1b-a4dc-6a67a6d18c91	1646542800	1647403200	1646509106	False
424	T0105875	28b82fa1-72d0-c649-350e-a2b2d07a2b58	1648872000	1649217600	1648673157	False
425	T2285566	8305a8cb-abfe-1fb5-a6c2-b716f7bd7750	1645938000	1646370000	1645843383	False
426	T2285566	8305a8cb-abfe-1fb5-a6c2-b716f7bd7750	1645419600	1645765200	1645271005	True
427	T4380403	e32a2749-eea7-a67f-ee1c-b89a74f935ca	1646110800	1647147600	1645963153	False
428	T4380403	e32a2749-eea7-a67f-ee1c-b89a74f935ca	1645592400	1645851600	1645535915	False
429	T4380403	e32a2749-eea7-a67f-ee1c-b89a74f935ca	1644728400	1644814800	1644718659	False
430	T6762090	5c3e82e9-6867-453f-8ad2-1d5dacfb605e	1647489600	1648785600	1647264232	True
431	T2958292	30e5ce91-d082-b3b4-f398-d16e18b9f0a2	1647061200	1648008000	1646955556	False
432	T2958292	30e5ce91-d082-b3b4-f398-d16e18b9f0a2	1647147600	1647662400	1647092957	False
433	T2958292	30e5ce91-d082-b3b4-f398-d16e18b9f0a2	1645246800	1646542800	1645121380	True
434	B9907075	90a71d24-b277-2e31-4655-6f9a7692f681	1647748800	1648267200	1647636935	False
435	B2137730	aa25e8da-2fd1-843d-9207-1602161cd674	1650254400	1650340800	1650193518	False
436	T2426050	6409e93b-5fa9-a39e-ee47-98d4b9fb97b9	1647748800	1647835200	1647639403	False
437	T2426050	6409e93b-5fa9-a39e-ee47-98d4b9fb97b9	1645765200	1646024400	1645562585	True
438	T2426050	6409e93b-5fa9-a39e-ee47-98d4b9fb97b9	1646802000	1647403200	1646728382	False
439	B5489547	a37afc5c-4a9d-3213-e04b-1533b905a7b6	1644555600	1644814800	1644488826	True
440	B5489547	a37afc5c-4a9d-3213-e04b-1533b905a7b6	1646370000	1646974800	1646156847	True
441	B6013477	05e05148-26d6-004f-3c82-3de9d73c9259	1646370000	1646542800	1646305462	True
442	B6013477	05e05148-26d6-004f-3c82-3de9d73c9259	1649390400	1650081600	1649230596	False
443	B6013477	05e05148-26d6-004f-3c82-3de9d73c9259	1649476800	1649649600	1649475970	False
444	B6013477	05e05148-26d6-004f-3c82-3de9d73c9259	1647662400	1648872000	1647505188	True
445	B6733116	ccd3654c-b68b-bbc6-73c6-6188108fd94b	1646802000	1647316800	1646742086	False
446	B6733116	ccd3654c-b68b-bbc6-73c6-6188108fd94b	1647403200	1647662400	1647359018	False
447	B6733116	ccd3654c-b68b-bbc6-73c6-6188108fd94b	1649822400	1650340800	1649809823	True
448	B3121980	d034ce89-8364-1560-45b7-e83cc42f7d59	1645938000	1646456400	1645787565	True
449	T4737213	c66b1f52-6f7f-6354-372f-9fb6041b4c79	1647316800	1648353600	1647194850	False
450	T4737213	c66b1f52-6f7f-6354-372f-9fb6041b4c79	1646456400	1647061200	1646204842	False
451	B3214505	ffa72ae1-1139-dd0f-8185-ca8490fc59ed	1646715600	1646802000	1646704063	False
452	B3214505	ffa72ae1-1139-dd0f-8185-ca8490fc59ed	1649304000	1649908800	1649154763	False
453	B3214505	ffa72ae1-1139-dd0f-8185-ca8490fc59ed	1649908800	1650686400	1649759854	False
454	B5066626	e493c415-2a4b-f5dc-0a59-9c131667b920	1647662400	1648094400	1647501068	True
455	B5066626	e493c415-2a4b-f5dc-0a59-9c131667b920	1644469200	1644728400	1644452176	False
456	B5066626	e493c415-2a4b-f5dc-0a59-9c131667b920	1650513600	1651636800	1650330115	True
457	B1793406	d753ba99-0808-7cc4-0c85-825110e900ff	1646024400	1647061200	1645976176	False
458	B1793406	d753ba99-0808-7cc4-0c85-825110e900ff	1647230400	1647403200	1647102764	True
459	B1793406	d753ba99-0808-7cc4-0c85-825110e900ff	1648872000	1650168000	1648835211	False
460	T8974326	a6ed0e6b-e43a-3562-4cdf-506343c36988	1646110800	1646715600	1646098280	True
461	T8974326	a6ed0e6b-e43a-3562-4cdf-506343c36988	1647576000	1648785600	1647340204	True
462	T8974326	a6ed0e6b-e43a-3562-4cdf-506343c36988	1650168000	1651377600	1649918283	True
463	B0424624	6b905645-e0c2-442e-eb38-fcdf4fd82aba	1648267200	1648785600	1648160773	True
464	B0424624	6b905645-e0c2-442e-eb38-fcdf4fd82aba	1646542800	1647403200	1646296475	True
465	B0424624	6b905645-e0c2-442e-eb38-fcdf4fd82aba	1649649600	1649908800	1649601070	True
466	T9107322	ff866deb-3b19-5b02-0a4a-f40db60890b9	1643691600	1644296400	1643663563	False
467	B3722155	2913cb76-4507-1807-63fe-0717f6a878cc	1649476800	1650513600	1649379589	True
468	B3722155	2913cb76-4507-1807-63fe-0717f6a878cc	1643950800	1644382800	1643724832	True
469	B3722155	2913cb76-4507-1807-63fe-0717f6a878cc	1644728400	1644814800	1644711894	True
470	B3722155	2913cb76-4507-1807-63fe-0717f6a878cc	1649563200	1649995200	1649350940	False
471	T8998278	6925f2d5-3b36-c46e-2312-271fe55b5c65	1644210000	1644555600	1644112777	False
472	T2760250	88964456-b344-dde4-bcac-44263ad0190f	1648872000	1649649600	1648647001	True
473	B8299874	b6db95fb-8d73-7aa2-0ab8-32eabac70b9c	1644642000	1645765200	1644637546	True
474	B8299874	b6db95fb-8d73-7aa2-0ab8-32eabac70b9c	1648958400	1649044800	1648888196	True
475	B8299874	b6db95fb-8d73-7aa2-0ab8-32eabac70b9c	1651118400	1651723200	1651052127	True
476	B8299874	b6db95fb-8d73-7aa2-0ab8-32eabac70b9c	1645074000	1646110800	1645072697	False
477	T4287738	acfe02ea-b89b-9722-3aa4-ecd7c9e58ebc	1647489600	1648353600	1647237950	True
478	T4287738	acfe02ea-b89b-9722-3aa4-ecd7c9e58ebc	1650772800	1650945600	1650676234	False
479	T4287738	acfe02ea-b89b-9722-3aa4-ecd7c9e58ebc	1646974800	1648008000	1646719872	False
480	B7905040	dd3024fc-b864-aaf7-8d73-e7aac766dd63	1650686400	1651291200	1650598883	False
481	T8112600	e9a84c51-aac7-82ac-dce2-ab067a15422e	1645592400	1645678800	1645433625	True
482	T8112600	e9a84c51-aac7-82ac-dce2-ab067a15422e	1644642000	1645506000	1644489736	True
483	B1449207	8ed31834-fd72-1fc2-05e0-c019b31e120d	1645333200	1645678800	1645247800	True
484	B1449207	8ed31834-fd72-1fc2-05e0-c019b31e120d	1644296400	1645592400	1644047347	True
485	T2804056	00401b20-3946-ad23-c098-e2b47a798ed4	1648958400	1649908800	1648907719	True
486	T2804056	00401b20-3946-ad23-c098-e2b47a798ed4	1648872000	1649044800	1648773646	True
487	T2804056	00401b20-3946-ad23-c098-e2b47a798ed4	1645419600	1645851600	1645398602	False
488	T7032119	244b405a-ed7c-b20d-1bb8-68d588c023d7	1650513600	1650859200	1650445155	True
489	T7032119	244b405a-ed7c-b20d-1bb8-68d588c023d7	1650340800	1651118400	1650251635	True
490	T7032119	244b405a-ed7c-b20d-1bb8-68d588c023d7	1645506000	1646370000	1645391200	False
491	T7032119	244b405a-ed7c-b20d-1bb8-68d588c023d7	1651118400	1652328000	1650977011	False
492	B1828560	efe3a150-c524-a1be-a6bb-b51c85d8acf3	1647748800	1648612800	1647606756	False
493	B1828560	efe3a150-c524-a1be-a6bb-b51c85d8acf3	1649131200	1650427200	1648890399	False
494	B6235040	2fc52298-53ef-fcdf-ea7e-c9acae372e39	1645333200	1646456400	1645153255	False
495	T5397871	daed71e5-929a-3bab-d08e-644114fe9960	1645246800	1646283600	1645155509	True
496	T5397871	daed71e5-929a-3bab-d08e-644114fe9960	1649563200	1649908800	1649437904	False
497	T5397871	daed71e5-929a-3bab-d08e-644114fe9960	1650427200	1651636800	1650375733	True
498	T5397871	daed71e5-929a-3bab-d08e-644114fe9960	1644814800	1645506000	1644793135	False
499	T9719126	4d2cd22d-cfae-af3f-aa46-dd26e07ab79d	1648440000	1648526400	1648288893	True
500	T9719126	4d2cd22d-cfae-af3f-aa46-dd26e07ab79d	1649131200	1649995200	1649056040	False
501	T9719126	4d2cd22d-cfae-af3f-aa46-dd26e07ab79d	1651032000	1652241600	1650876968	False
502	T9719126	4d2cd22d-cfae-af3f-aa46-dd26e07ab79d	1648094400	1648699200	1647874292	True
