T1043321	Carolyn	Nolan	fam/fri	1647576000	1648612800
T1043321	Ruth	Mitchell	fam/fri	1654660800	1655524800
T9367632	Michael	Coleman	contractor	1655092800	1655784000
T9367632	Sue	Tucker	contractor	1644037200	1644296400
T9367632	Charles	Carr	fam/fri	1653105600	1653278400
T4228421	Edward	Burgess	contractor	1651032000	1651723200
T4228421	Michael	Jones	fam/fri	1645333200	1646197200
T4228421	Rebecca	Coleman	fam/fri	1644642000	1644987600
B7844736	Andrea	Davidson	contractor	1644814800	1645074000
B7844736	Brian	Mitchell	contractor	1646542800	1647403200
B7844736	Karen	Jones	contractor	1646197200	1646629200
B1015819	Charles	Carr	contractor	1652328000	1652500800
B1015819	Heather	Taylor	contractor	1646888400	1648094400
B1015819	Adrian	James	contractor	1653278400	1653883200
T3688444	Steven	McDonald	contractor	1647403200	1647835200
T3688444	Victoria	Bower	contractor	1653192000	1653710400
T3688444	Paul	Mackay	contractor	1652414400	1653105600
T3688444	Lily	Springer	fam/fri	1645506000	1645592400
B1790807	Matt	Hunter	fam/fri	1651896000	1652155200
B9060480	Ava	Murray	fam/fri	1653019200	1653278400
B9060480	Sophie	Avery	fam/fri	1652414400	1653710400
B0227846	Ava	Murray	contractor	1652760000	1653364800
B0227846	Victor	Parr	contractor	1656129600	1656734400
B0227846	Thomas	Clarkson	contractor	1650427200	1651550400
B0227846	Victor	Anderson	fam/fri	1648353600	1649131200
T0760310	Natalie	Walsh	fam/fri	1650686400	1651118400
T0760310	Victoria	Manning	contractor	1654315200	1655179200
T0760310	Jonathan	Metcalfe	contractor	1646802000	1647061200
T0760310	Evan	Powell	contractor	1646370000	1646802000
B4161284	Gavin	Ferguson	fam/fri	1651636800	1652846400
B4161284	Elizabeth	Sharp	contractor	1646629200	1647061200
B4161284	Sue	Rutherford	contractor	1653105600	1654401600
B4161284	Kimberly	Churchill	fam/fri	1650513600	1651377600
T3598926	Anna	Howard	fam/fri	1645678800	1646629200
T3598926	Dan	Lambert	contractor	1654833600	1655870400
T3598926	Dan	Lambert	fam/fri	1648094400	1649217600
B4421214	Benjamin	Hart	fam/fri	1648785600	1649217600
B4421214	Karen	Jones	contractor	1646629200	1647576000
B4421214	Joe	Reid	fam/fri	1651809600	1652760000
B4421214	Liam	Paige	fam/fri	1649131200	1650168000
B3472727	Sue	Rutherford	contractor	1649476800	1650427200
B3472727	Jason	Underwood	contractor	1646542800	1647316800
B3472727	Kylie	Fraser	contractor	1644123600	1644642000
T6229493	Peter	Henderson	fam/fri	1653624000	1654056000
T6229493	Joe	Paterson	contractor	1646974800	1647576000
T6229493	Lily	Baker	contractor	1652846400	1653710400
T6229493	Edward	Burgess	fam/fri	1649649600	1649995200
B4926932	Stephen	Russell	contractor	1649995200	1650859200
B6517680	Carl	Alsop	fam/fri	1648180800	1649044800
B6517680	Dan	Glover	contractor	1650772800	1651982400
T1455129	Robert	Newman	fam/fri	1647403200	1648180800
T1455129	Tim	Sharp	contractor	1650945600	1651809600
T0587146	Robert	Dyer	fam/fri	1646110800	1647403200
B9787137	Kevin	Morrison	fam/fri	1656043200	1656561600
B9787137	Sophie	MacLeod	fam/fri	1644901200	1645506000
B9787137	Tim	Graham	fam/fri	1652068800	1652500800
B9787137	Tim	Sharp	fam/fri	1653105600	1653710400
T5475231	Michelle	Skinner	contractor	1652328000	1652587200
T5475231	Dan	Lambert	contractor	1653537600	1654401600
B3620275	Alexander	Mackenzie	contractor	1656388800	1656734400
B3620275	Una	Dyer	contractor	1646456400	1647489600
T4655792	Evan	Morgan	contractor	1647921600	1648958400
B3925199	Wendy	Berry	fam/fri	1652673600	1653105600
B3925199	Ruth	Manning	fam/fri	1656129600	1656993600
B8333647	Anthony	Berry	fam/fri	1652068800	1653278400
B8333647	Peter	Gray	contractor	1648353600	1648699200
B8333647	Rebecca	Fraser	contractor	1647316800	1647489600
B8333647	Jennifer	Thomson	contractor	1653451200	1654401600
B0493326	Lisa	McLean	contractor	1655006400	1655092800
B0493326	Wanda	Poole	contractor	1653105600	1653710400
B0493326	Rachel	May	contractor	1646542800	1646974800
B0493326	Joan	Churchill	contractor	1644728400	1645851600
T1584858	Stephen	Black	fam/fri	1650081600	1651291200
T1584858	Sophie	Harris	fam/fri	1653710400	1654401600
T1584858	Anna	Howard	contractor	1646456400	1647489600
T1584858	Dominic	McGrath	fam/fri	1654056000	1654488000
B1820706	Gavin	Ferguson	contractor	1649476800	1649563200
T6144092	Neil	Anderson	contractor	1650081600	1651204800
T6144092	Richard	Sanderson	contractor	1655784000	1656734400
T6144092	Sophie	Harris	contractor	1653624000	1654315200
T6144092	Peter	Gray	contractor	1649044800	1650254400
T2324234	Ruth	Kelly	fam/fri	1646110800	1646542800
T0652664	Karen	Mackenzie	fam/fri	1651118400	1651377600
B3033563	Alexander	Mackenzie	fam/fri	1643778000	1644296400
B4469567	Joseph	Reid	fam/fri	1654142400	1654660800
B4469567	Matt	Piper	contractor	1646370000	1646715600
B4469567	Joe	Paterson	fam/fri	1645851600	1646802000
T7881193	Richard	Butler	fam/fri	1648958400	1650168000
T7881193	Max	Jones	contractor	1652500800	1653451200
B9304852	Michael	Jones	fam/fri	1652068800	1653192000
B9304852	Peter	Henderson	fam/fri	1652673600	1653105600
B9304852	Sam	Springer	contractor	1656216000	1657166400
B9304852	Ruth	Manning	fam/fri	1645765200	1646283600
T1531936	Sally	James	contractor	1652932800	1653796800
T1531936	Paul	Mackay	contractor	1652241600	1653364800
T4937958	Una	Bower	contractor	1656388800	1656993600
T4937958	Natalie	Edmunds	contractor	1648353600	1648612800
T4937958	Edward	Watson	contractor	1652587200	1653105600
B9141939	Joan	Churchill	fam/fri	1643691600	1644037200
B9141939	Theresa	Miller	fam/fri	1651464000	1652068800
B9141939	Deirdre	Wilkins	contractor	1655352000	1656043200
B9141939	Luke	Kerr	contractor	1649476800	1649649600
T9919848	Sue	Parr	fam/fri	1643691600	1644642000
T7448883	Neil	Scott	fam/fri	1653451200	1653624000
T7448883	Alexandra	Morrison	contractor	1645678800	1646715600
T8049293	Jan	Martin	contractor	1651464000	1652673600
T5993423	Alan	Dowd	contractor	1650168000	1650859200
T5993423	Lucas	Butler	fam/fri	1650859200	1651550400
T5993423	Brian	Mitchell	contractor	1647835200	1648958400
B6875670	Evan	Powell	contractor	1646024400	1646456400
B6875670	Caroline	Bailey	contractor	1653105600	1653796800
B7856817	Andrew	Campbell	fam/fri	1648353600	1649304000
T4949996	Joe	Paterson	fam/fri	1647230400	1648440000
T0260772	Jonathan	Slater	contractor	1651550400	1652760000
B1118406	Sophie	Watson	fam/fri	1651723200	1652155200
B1118406	Steven	McDonald	fam/fri	1645851600	1646888400
B1118406	Gavin	Metcalfe	fam/fri	1652587200	1653537600
B1118406	Paul	Mackay	contractor	1654315200	1654488000
B1451834	Jacob	Ferguson	contractor	1654056000	1654228800
B1451834	Faith	Young	contractor	1655611200	1656475200
B6550091	Lillian	Hill	contractor	1651377600	1652068800
B3028757	Ryan	Piper	contractor	1644555600	1645246800
B9085050	Natalie	Walsh	fam/fri	1646110800	1646888400
B9085050	Lauren	Avery	contractor	1656302400	1656734400
B3678864	Dan	Lambert	contractor	1650945600	1652155200
B3678864	Lily	Davidson	contractor	1649476800	1650427200
B3678864	Joshua	Harris	contractor	1650859200	1651809600
B4450729	Julian	Russell	fam/fri	1648440000	1649304000
B4450729	Karen	Slater	contractor	1649736000	1650081600
B4450729	Rachel	May	contractor	1653019200	1653537600
B1519317	Jennifer	Glover	contractor	1649390400	1650081600
T2050953	Evan	Bell	contractor	1652932800	1653451200
T2050953	Carl	Paterson	contractor	1645678800	1646197200
T2050953	Lauren	Rampling	fam/fri	1649476800	1649649600
T2050953	Jonathan	Bell	contractor	1652500800	1652932800
T5333179	Lucas	Butler	fam/fri	1652241600	1652587200
T5333179	Jasmine	Berry	contractor	1647316800	1647835200
T5333179	Carl	Parr	fam/fri	1649476800	1650254400
B9461730	James	Carr	contractor	1649822400	1650340800
B9461730	Dan	Glover	contractor	1649390400	1650513600
B9461730	Ruth	Brown	fam/fri	1655697600	1656129600
B9461730	David	Wallace	fam/fri	1644987600	1646283600
T6546141	Theresa	Welch	contractor	1648872000	1649131200
T6546141	Kylie	Fraser	contractor	1651118400	1652068800
T6546141	Amanda	Lawrence	contractor	1648008000	1648785600
T6546141	Frank	Scott	fam/fri	1652155200	1652932800
T1441245	Robert	Dyer	contractor	1645160400	1645765200
T1441245	Lillian	Vaughan	contractor	1646283600	1646802000
T1441245	Bella	Vance	fam/fri	1649736000	1649822400
T1441245	Claire	McDonald	fam/fri	1647748800	1647921600
B1782757	Wendy	Berry	contractor	1647316800	1647835200
B1782757	David	Wallace	contractor	1644210000	1644382800
B1782757	Tim	Russell	contractor	1647748800	1648180800
T7314127	Faith	Young	contractor	1648872000	1648958400
T7314127	Anthony	Berry	fam/fri	1651118400	1651291200
T7314127	Dylan	Grant	contractor	1651032000	1651896000
T6054337	Victor	Anderson	contractor	1644382800	1644987600
T6054337	Peter	Hart	contractor	1647403200	1648180800
T6054337	Nicholas	Mills	fam/fri	1652587200	1653105600
T8341247	Dan	Glover	fam/fri	1654315200	1655006400
T8341247	Jasmine	Tucker	fam/fri	1649908800	1650513600
T8341247	Kevin	Parr	fam/fri	1646197200	1647316800
T8341247	Ryan	Parsons	contractor	1651118400	1651982400
B0099986	Deirdre	Burgess	fam/fri	1649736000	1650081600
B0099986	Sally	Randall	contractor	1645246800	1645419600
B0099986	Joan	Churchill	contractor	1650686400	1651636800
B0099986	Virginia	Johnston	fam/fri	1650945600	1651809600
B1591326	Neil	Ince	contractor	1654574400	1655524800
B1591326	Wendy	Berry	contractor	1646715600	1646888400
B1591326	Claire	McDonald	fam/fri	1644469200	1645678800
T9636209	Faith	Robertson	fam/fri	1645592400	1646110800
T9636209	Leonard	McLean	contractor	1649649600	1650772800
T9636209	Lisa	McLean	fam/fri	1646110800	1646629200
B5977597	Deirdre	Fraser	fam/fri	1646197200	1646974800
B5977597	Stewart	Terry	fam/fri	1644469200	1645333200
T2978067	Natalie	Edmunds	fam/fri	1655956800	1656129600
T2978067	Phil	MacLeod	contractor	1650340800	1651550400
T2978067	Karen	Mackenzie	fam/fri	1656129600	1656993600
T2978067	Nathan	Glover	fam/fri	1650254400	1650340800
B7108425	Jan	Martin	fam/fri	1655352000	1656302400
B0465456	Maria	Davidson	contractor	1650686400	1650772800
B0465456	Leonard	McLean	fam/fri	1654833600	1655784000
T0259375	Victor	Smith	fam/fri	1646110800	1646542800
T0259375	Ruth	Mitchell	fam/fri	1649649600	1650600000
T2897572	Christopher	Smith	contractor	1644555600	1644901200
T2897572	Rebecca	Fraser	fam/fri	1654401600	1655352000
T2897572	Tim	Sharp	fam/fri	1649304000	1649476800
T8179621	Peter	Hart	contractor	1649304000	1649736000
T8179621	Liam	Paige	fam/fri	1648094400	1648526400
T8179621	Donna	Coleman	fam/fri	1654056000	1655179200
B0030471	Jonathan	Murray	contractor	1655956800	1656388800
T6291362	Kevin	Parr	fam/fri	1644555600	1644642000
T6291362	Bella	Watson	fam/fri	1647147600	1647662400
T1631664	Benjamin	Powell	contractor	1650945600	1651723200
T1631664	Evan	Morgan	fam/fri	1645506000	1646456400
B0897303	Felicity	Henderson	fam/fri	1655956800	1656734400
B0897303	Victor	Campbell	contractor	1650513600	1651118400
B0897303	Edward	Watson	fam/fri	1656302400	1657252800
B0897303	Ruth	Kelly	fam/fri	1649649600	1650168000
T6460363	Victor	Smith	contractor	1650427200	1650600000
T6460363	Alexander	Newman	fam/fri	1655265600	1656388800
T2926692	Sally	James	fam/fri	1647748800	1648008000
T2926692	Sue	Parr	contractor	1656216000	1656475200
T2926692	Bella	Watson	contractor	1655697600	1656734400
T2926692	Jonathan	Murray	fam/fri	1654488000	1655006400
T5718265	Vanessa	Miller	contractor	1653364800	1653624000
B3237603	Max	Jones	fam/fri	1654660800	1654920000
B3237603	Grace	Walsh	fam/fri	1653451200	1653969600
T6807328	Madeleine	Peake	contractor	1644469200	1645419600
B4498771	Lily	Springer	fam/fri	1650600000	1650859200
B4498771	Nathan	Glover	contractor	1654833600	1655784000
B2151847	Jasmine	Tucker	contractor	1644555600	1645074000
B2151847	Leonard	McLean	fam/fri	1645160400	1645506000
B3934835	Dominic	McGrath	fam/fri	1648008000	1648958400
B3934835	Andrea	Davidson	contractor	1654833600	1654920000
B3934835	Dominic	McGrath	contractor	1655870400	1655956800
B3934835	John	Hughes	contractor	1652155200	1653192000
T6927703	Dan	Glover	contractor	1645592400	1646802000
T6927703	Benjamin	Powell	contractor	1656043200	1656475200
T6927703	Richard	Butler	contractor	1645419600	1645592400
T2818489	David	Wallace	fam/fri	1655438400	1655697600
T2818489	Evan	Morgan	fam/fri	1644642000	1645938000
T2818489	Sophie	Watson	fam/fri	1655179200	1655611200
T2818489	Ava	Mackenzie	contractor	1651377600	1651982400
T9358717	Frank	Scott	contractor	1646110800	1646974800
T9358717	Felicity	Henderson	fam/fri	1653019200	1653451200
T7523266	Benjamin	Powell	contractor	1650772800	1651982400
T7523266	Evan	Lewis	contractor	1651032000	1651636800
T7523266	Julian	Russell	contractor	1652673600	1652846400
T7523266	Alexander	Newman	fam/fri	1649304000	1650081600
B4364456	James	Carr	contractor	1644296400	1645333200
B4364456	Penelope	Cornish	contractor	1645765200	1647061200
B4364456	Sue	Rutherford	fam/fri	1646888400	1648180800
B4364456	Joe	Reid	contractor	1649649600	1650081600
B3576856	Carolyn	Nolan	fam/fri	1649131200	1649822400
B3576856	Leonard	Bond	contractor	1646974800	1647662400
B3576856	Theresa	Oliver	fam/fri	1654401600	1654920000
B9776423	Dan	Burgess	fam/fri	1644469200	1645419600
B9776423	Charles	Buckland	fam/fri	1652500800	1653278400
T6201199	Maria	Davidson	contractor	1652500800	1652760000
T6201199	Sally	James	contractor	1651032000	1651550400
T6201199	Angela	Alsop	contractor	1654401600	1655438400
T1387509	Robert	Dyer	fam/fri	1647147600	1648353600
T1917395	Neil	Ince	contractor	1650254400	1650340800
B1003858	Harry	Greene	fam/fri	1652587200	1653019200
B1003858	Frank	Scott	contractor	1651550400	1652328000
B1003858	John	Burgess	fam/fri	1650945600	1652068800
B1003858	Victor	Campbell	contractor	1649563200	1649822400
B7828160	Rebecca	Coleman	contractor	1650081600	1650340800
B2808551	Jason	Underwood	fam/fri	1646974800	1647748800
B2808551	Virginia	Clarkson	fam/fri	1648180800	1648353600
B5939030	Boris	Gibson	contractor	1652328000	1652932800
T5303763	Diana	Stewart	fam/fri	1651118400	1651464000
T5303763	David	Thomson	contractor	1648440000	1649476800
T5303763	Virginia	Clarkson	fam/fri	1651032000	1651118400
T7942234	Isaac	Vaughan	fam/fri	1651636800	1652932800
B7512253	Jan	Martin	contractor	1647230400	1647835200
B7512253	Evan	Powell	fam/fri	1654056000	1654142400
B7512253	Thomas	Clarkson	contractor	1646283600	1647316800
B8082300	Amelia	Chapman	fam/fri	1649995200	1650340800
B8082300	John	Hughes	fam/fri	1643691600	1644814800
T0094634	Edward	Burgess	contractor	1650254400	1650686400
T0094634	Amelia	Chapman	contractor	1644555600	1645160400
T0094634	Tracey	Grant	fam/fri	1655265600	1655438400
T0094634	Alan	Dowd	fam/fri	1647576000	1647921600
B9514674	Una	Dyer	contractor	1647748800	1649044800
B9514674	Sophie	Avery	fam/fri	1645333200	1646542800
B9514674	Alexandra	Morrison	contractor	1650340800	1651204800
B9514674	Charles	Cameron	contractor	1652673600	1652846400
T2837519	Tracey	Grant	fam/fri	1644469200	1644987600
T2837519	Angela	Alsop	fam/fri	1647147600	1648353600
B6790168	Anna	Howard	fam/fri	1644296400	1644814800
B6790168	Amanda	Lawrence	fam/fri	1653710400	1655006400
B6790168	Gavin	Ferguson	contractor	1645419600	1646715600
B1115082	Dan	Baker	fam/fri	1651032000	1652241600
B1115082	Justin	Powell	contractor	1644987600	1645419600
B1115082	Alan	Dowd	contractor	1650168000	1650945600
B8826525	Amelia	Chapman	fam/fri	1653451200	1654660800
B6399319	Boris	Quinn	contractor	1647576000	1648526400
T8656140	Lily	Baker	contractor	1646888400	1647061200
T8656140	Simon	Roberts	contractor	1650945600	1651204800
T8656140	Sam	Sutherland	fam/fri	1645592400	1645851600
T8656140	Peter	Hart	fam/fri	1650168000	1650513600
T2024464	Jessica	Peters	contractor	1654401600	1655524800
T2024464	Wendy	Berry	contractor	1653278400	1654488000
T0360827	Jessica	Peters	fam/fri	1655092800	1656129600
T0360827	Peter	Hart	fam/fri	1650254400	1651204800
T0360827	Charles	Black	contractor	1655697600	1656734400
T0360827	Kevin	Alsop	fam/fri	1652932800	1654228800
T2096672	Harry	Greene	fam/fri	1654574400	1654920000
T2096672	John	Hughes	contractor	1647748800	1647835200
T2096672	Gavin	Ferguson	contractor	1652760000	1652846400
T2096672	Benjamin	Hart	fam/fri	1650513600	1651723200
B5257583	Luke	Kerr	fam/fri	1649476800	1650513600
B5257583	Amelia	Parr	contractor	1655611200	1655784000
B5257583	Frank	Scott	contractor	1646110800	1646629200
B5257583	Lauren	Poole	fam/fri	1644037200	1644123600
B0137425	Robert	Dyer	contractor	1647489600	1648267200
B0137425	Luke	Hill	contractor	1651982400	1653192000
B0137425	Kevin	Morrison	contractor	1644210000	1645506000
B0137425	Caroline	Mathis	contractor	1656129600	1657252800
T2266582	John	Randall	contractor	1653105600	1653451200
T4871027	Victoria	Bower	fam/fri	1653537600	1653710400
T4871027	Adam	Wilkins	fam/fri	1645160400	1646024400
T4871027	Victor	Campbell	fam/fri	1646629200	1647061200
T0471592	Victoria	Bower	contractor	1644210000	1644642000
T0471592	Bella	Watson	fam/fri	1649131200	1650340800
T6121268	Dylan	Grant	contractor	1645074000	1646024400
B4968564	Steven	McDonald	contractor	1649390400	1649822400
B4968564	Stewart	Graham	contractor	1643691600	1644123600
B4968564	Melanie	North	contractor	1649390400	1650168000
B4968564	Dylan	Grant	contractor	1646629200	1647316800
B3532445	Tim	Sharp	fam/fri	1649995200	1650600000
B3532445	Connor	Vaughan	fam/fri	1655352000	1655956800
B3532445	Joe	Paterson	fam/fri	1647748800	1647835200
T0433168	John	Burgess	contractor	1648958400	1649217600
T0433168	Joan	Churchill	fam/fri	1653364800	1654488000
T0433168	Dan	Glover	contractor	1654833600	1656043200
T0433168	Stephen	Russell	contractor	1648180800	1648440000
T1482188	Lauren	Rampling	fam/fri	1654228800	1654833600
T0679104	Joe	Reid	fam/fri	1651377600	1652328000
T0679104	Lillian	Robertson	fam/fri	1652155200	1652241600
B9244873	Carl	Alsop	contractor	1652673600	1653883200
B9244873	Dan	Glover	fam/fri	1650254400	1650686400
B9244873	Sophie	Avery	fam/fri	1650600000	1651550400
T3416427	Amelia	Chapman	contractor	1645851600	1647147600
T3416427	Leonard	Bond	contractor	1654574400	1655352000
B9019134	Wendy	Berry	contractor	1649995200	1651032000
B9019134	Anthony	Berry	fam/fri	1646370000	1646802000
B9019134	Boris	Quinn	contractor	1644728400	1645419600
B9019134	Carolyn	Nolan	contractor	1645160400	1645938000
B0069626	Sophie	Harris	contractor	1654401600	1655611200
B0069626	David	Wallace	fam/fri	1648008000	1648785600
T4096662	Michael	Coleman	fam/fri	1651550400	1651809600
T9591696	Lauren	Poole	contractor	1651550400	1652068800
T9591696	Neil	Ince	contractor	1646024400	1647061200
T9591696	Austin	Quinn	contractor	1654747200	1655179200
T9591696	Boris	Gibson	contractor	1644037200	1644642000
B5249383	Maria	Davidson	fam/fri	1647316800	1647576000
B5249383	Victor	Smith	contractor	1651550400	1652068800
B6243271	Mary	Ince	contractor	1655006400	1655870400
B6243271	Boris	Gibson	fam/fri	1655870400	1656907200
B2662690	Rebecca	Fraser	contractor	1651377600	1652414400
B2662690	Jonathan	Wilkins	fam/fri	1647662400	1648958400
B2662690	Andrew	Campbell	contractor	1645160400	1646456400
T4494766	Lily	Springer	fam/fri	1644901200	1645506000
T4494766	Michael	Jones	contractor	1651118400	1651723200
B0525432	James	Carr	fam/fri	1655092800	1655265600
B7040571	Christian	Lambert	contractor	1647576000	1648267200
B7040571	Kimberly	Paterson	contractor	1650945600	1651032000
T9648887	Benjamin	Powell	fam/fri	1644728400	1646024400
T9648887	Leonard	Bond	fam/fri	1646110800	1647230400
T9648887	Justin	Wallace	contractor	1645246800	1645333200
T9648887	Dan	Glover	contractor	1654833600	1655524800
B9190677	Molly	Mathis	fam/fri	1654920000	1655697600
B9190677	Virginia	Clarkson	fam/fri	1646629200	1647748800
B9190677	Jacob	Graham	fam/fri	1651377600	1652328000
T9103389	Adrian	James	contractor	1655006400	1655092800
T9103389	Jonathan	Slater	contractor	1649390400	1649649600
B4830375	Theresa	Welch	fam/fri	1646024400	1647061200
B8781371	Max	Jones	fam/fri	1652673600	1653537600
B8781371	Wendy	Berry	contractor	1649649600	1649995200
B8781371	Edward	Burgess	contractor	1649476800	1649822400
B4598947	Alexandra	Morrison	fam/fri	1648094400	1648353600
B4598947	Kimberly	Paterson	contractor	1647835200	1648008000
B4598947	Caroline	Mathis	contractor	1648785600	1648872000
B0985202	Alexander	Mackenzie	contractor	1650859200	1651204800
B0985202	Elizabeth	Sharp	fam/fri	1651464000	1652155200
B0985202	Evan	Powell	fam/fri	1651896000	1652587200
B0985202	Stewart	Terry	contractor	1654833600	1655006400
T1075624	Natalie	Edmunds	contractor	1650254400	1651204800
T3250727	Melanie	North	contractor	1649390400	1650513600
T3250727	Connor	Vaughan	contractor	1649736000	1649822400
T3250727	John	Randall	fam/fri	1651032000	1651636800
B4498598	Max	King	fam/fri	1644987600	1645246800
B4498598	Boris	Gibson	fam/fri	1649563200	1650600000
B4498598	Emily	Wallace	contractor	1653105600	1653624000
T4246178	Faith	Young	fam/fri	1646110800	1646802000
T4246178	Stewart	Dowd	fam/fri	1655697600	1656475200
B6076471	Lauren	Poole	fam/fri	1650772800	1651896000
B6076471	Joshua	Harris	contractor	1645333200	1646283600
B6076471	Karen	Clark	contractor	1651896000	1652587200
T3592468	Lily	Springer	fam/fri	1648180800	1648958400
T3592468	Karen	Slater	contractor	1647576000	1648872000
T3592468	Justin	Bower	fam/fri	1648872000	1650081600
T6043625	Alan	Dowd	contractor	1645938000	1646197200
T6043625	Lisa	McLean	fam/fri	1650254400	1650686400
T6043625	Justin	Powell	fam/fri	1649217600	1649736000
T4292732	Robert	Newman	contractor	1646110800	1646456400
T4131560	Cameron	Metcalfe	fam/fri	1647316800	1647662400
T4131560	Steven	Ferguson	fam/fri	1652500800	1653710400
B1043416	Phil	Murray	fam/fri	1647576000	1648872000
B7048543	John	Randall	contractor	1649736000	1650686400
B7048543	Dominic	Fraser	contractor	1656302400	1656820800
B7048543	Connor	Vaughan	fam/fri	1656129600	1657080000
T1861189	Lily	Springer	fam/fri	1653192000	1654488000
T1861189	Lisa	McLean	contractor	1654228800	1654920000
T8966724	Evan	Lewis	contractor	1654747200	1654833600
T8966724	Peter	Henderson	contractor	1645851600	1646110800
T6428181	Peter	Henderson	contractor	1649476800	1650513600
T6428181	Karen	Clark	contractor	1651032000	1651377600
T6428181	Mary	Peake	contractor	1649649600	1650513600
T6428181	Jasmine	Berry	fam/fri	1653105600	1653624000
B9526132	Carl	Alsop	fam/fri	1645506000	1646024400
T2287883	Dylan	Grant	fam/fri	1650340800	1651636800
T2287883	Karen	Slater	fam/fri	1650772800	1651896000
T2287883	Ruth	Mitchell	contractor	1644210000	1645160400
T6628467	David	Wallace	contractor	1650772800	1651464000
T6628467	Edward	Burgess	contractor	1645246800	1645938000
T1417717	Ryan	Parsons	fam/fri	1646974800	1647835200
B1276468	Ava	Mackenzie	contractor	1645506000	1645678800
B1276468	Richard	Sanderson	contractor	1654228800	1654660800
B1276468	Amanda	Lawrence	fam/fri	1655956800	1656648000
B1276468	Stephen	Payne	contractor	1651982400	1652155200
T2060290	Trevor	Peake	fam/fri	1653105600	1653451200
T2060290	Stephen	Black	contractor	1652414400	1653451200
T2060290	Owen	Stewart	fam/fri	1646110800	1647147600
T0410794	Boris	Bower	contractor	1645765200	1647061200
T0410794	Lisa	McLean	fam/fri	1651550400	1652241600
T0410794	Robert	Dyer	fam/fri	1653278400	1653883200
T0410794	Lillian	Hill	fam/fri	1646197200	1646802000
T2890067	Joan	Churchill	fam/fri	1655870400	1656302400
B0789531	Lily	Davidson	contractor	1644123600	1645160400
B6649798	Luke	Hill	fam/fri	1652500800	1652846400
B6649798	Ruth	Manning	contractor	1655352000	1656648000
T3560356	Ruth	Brown	contractor	1651982400	1652328000
T3560356	Karen	Mackenzie	contractor	1644296400	1644728400
T3560356	Simon	Roberts	fam/fri	1645765200	1645938000
T3560356	Jonathan	Murray	fam/fri	1649563200	1650772800
T7370685	Wendy	Berry	fam/fri	1654056000	1654574400
T7370685	Sophie	Watson	contractor	1649390400	1649995200
B5813734	Lillian	Vaughan	contractor	1649649600	1650600000
B5813734	Peter	Henderson	contractor	1648008000	1648699200
B0229398	Christopher	Smith	contractor	1654833600	1656129600
B0229398	Deirdre	Burgess	fam/fri	1649304000	1649649600
B0229398	Kevin	Parr	fam/fri	1648785600	1649304000
B5152195	Alexander	Mackenzie	contractor	1648094400	1648180800
T6590930	Warren	Roberts	fam/fri	1652932800	1653105600
T6590930	Stewart	Graham	contractor	1646715600	1648008000
T6590930	Karen	Slater	contractor	1656043200	1656734400
T6590930	Caroline	Bailey	contractor	1645246800	1645938000
B8465012	James	Piper	contractor	1649736000	1650513600
B8465012	Phil	Murray	fam/fri	1646629200	1646888400
T6062240	Elizabeth	Bell	fam/fri	1645419600	1645506000
T0938532	Neil	Ince	contractor	1648094400	1648526400
T0938532	Alexander	Mackenzie	fam/fri	1646370000	1646888400
T0938532	Austin	Quinn	fam/fri	1648094400	1649044800
T0938532	Evan	Lewis	contractor	1649736000	1649908800
B9710510	Caroline	Mathis	contractor	1645506000	1645678800
B9710510	Jonathan	Murray	contractor	1651723200	1652414400
B9710510	Stewart	Graham	contractor	1652846400	1652932800
T8585953	Mary	Peake	contractor	1644296400	1645074000
T1443042	Connor	Vaughan	contractor	1650600000	1651032000
T1443042	Thomas	Clarkson	fam/fri	1644123600	1645419600
B4226531	Joe	Paterson	fam/fri	1644814800	1645678800
T2085951	Alan	Dowd	fam/fri	1646542800	1647748800
T2085951	Carl	Parr	contractor	1647147600	1648440000
T2085951	Joshua	Harris	fam/fri	1646024400	1646283600
B3582097	Jonathan	Murray	contractor	1646456400	1647489600
B3582097	Donna	Coleman	contractor	1646888400	1647230400
B3582097	Phil	Murray	fam/fri	1643778000	1643864400
B3818279	Warren	Roberts	fam/fri	1647835200	1649044800
T0850417	Ava	Mackenzie	fam/fri	1645938000	1646629200
T0850417	Neil	Ince	fam/fri	1655870400	1656734400
T0850417	Peter	Hart	contractor	1645765200	1646370000
B9449506	Lucas	Butler	contractor	1650081600	1650686400
B9449506	Dan	Baker	contractor	1647576000	1647662400
B3590701	Stephen	Russell	contractor	1645333200	1645765200
B3590701	Owen	Stewart	contractor	1654833600	1655784000
B3590701	Christopher	Simpson	contractor	1647230400	1647576000
T1492876	Claire	McDonald	contractor	1654142400	1654747200
T1492876	Stephen	Payne	fam/fri	1655611200	1656734400
T1492876	Trevor	Peake	fam/fri	1645851600	1646802000
B5108643	Joshua	Harris	fam/fri	1655524800	1656475200
B5108643	Felicity	Henderson	fam/fri	1647316800	1648094400
B5108643	Connor	Vaughan	fam/fri	1650772800	1650945600
B2801154	Sam	Sutherland	fam/fri	1646370000	1647489600
B2801154	Alexandra	Morrison	contractor	1647230400	1648440000
B2801154	Benjamin	Hart	contractor	1655870400	1656820800
T0638281	Max	King	fam/fri	1654747200	1655870400
T0638281	David	Baker	contractor	1651377600	1652587200
T0178578	Dan	Glover	fam/fri	1646629200	1647230400
T0178578	John	Hughes	contractor	1656216000	1656820800
T0178578	Richard	Reid	fam/fri	1651377600	1651809600
T9759488	William	Springer	fam/fri	1647316800	1647662400
T9759488	Victoria	Bower	contractor	1649217600	1649908800
T9759488	Victor	Taylor	fam/fri	1649044800	1650081600
T9759488	Lillian	Vaughan	contractor	1645506000	1646370000
